basis_form,k_base,mse_male_validation,mse_female_validation,mse_male_test,mse_female_test,Country
cs,2,0.0301459541747582,0.0235545974858223,0.103780365164294,0.0675219341657747,AUS
cs,3,0.019416035693986,0.0216496470430072,0.162870871162138,0.0601333450461163,AUS
cs,4,0.0208535983893888,0.0220065179135059,0.176825356325986,0.0673830980239803,AUS
cs,5,0.0231172657253597,0.0225744029978598,0.193371365338027,0.0732897255919102,AUS
cs,6,0.0253454911884974,0.0225931604809219,0.213820113111602,0.0737419325966306,AUS
cs,7,0.0253454911884982,0.022593160480922,0.213820113111607,0.0737419325966306,AUS
tp,2,0.0306858138160205,0.0236578158506333,0.103926956618594,0.0670729253974979,AUS
tp,3,0.019112416689283,0.0213834696025763,0.166090297282171,0.0602519071794993,AUS
tp,4,0.0190253157142201,0.0222547943515985,0.140597758099153,0.0665169839431564,AUS
tp,5,0.0240037640896264,0.0226132987804659,0.199586969187097,0.0754308419720058,AUS
tp,6,0.042820451231945,0.0249416381341608,0.492324785718565,0.132526985042072,AUS
tp,7,0.0428204512319182,0.0249416381341661,0.492324785718227,0.132526985042162,AUS
ts,2,0.0307323607626974,0.0236144308871191,0.104034018966575,0.0666869534058896,AUS
ts,3,0.0190030598179484,0.0214124471094977,0.164271614359687,0.0602737163891101,AUS
ts,4,0.0191371741490455,0.0220098803798703,0.143302944920505,0.0657877784078557,AUS
ts,5,0.0234115768976677,0.0225998386652458,0.194780529092063,0.074771072314619,AUS
ts,6,0.0415779479935681,0.0244220810973761,0.477056260704005,0.124789308176685,AUS
ts,7,0.0415779479935417,0.0244220810973813,0.477056260703672,0.124789308176774,AUS
cs,2,0.0268356513558178,0.05015910176572,0.103940316058275,0.105741945373166,AUT
cs,3,0.0420842942571062,0.0539570382010597,0.194639221068978,0.126128733736669,AUT
cs,4,0.0642981638424409,0.0560003520037063,0.41952093898296,0.150062687165645,AUT
cs,5,0.074995623964994,0.0580085146092805,0.571255634472288,0.166463566725014,AUT
cs,6,0.079447662921686,0.058569653584283,0.629797770207794,0.168445670029917,AUT
cs,7,0.079447662921687,0.0585696535842834,0.629797770207808,0.16844567002992,AUT
tp,2,0.0267657306930365,0.0500666918254365,0.105536247077952,0.104531052532712,AUT
tp,3,0.0366544341947049,0.0532550176943752,0.164226458842491,0.124231329838442,AUT
tp,4,0.0477615761832362,0.0486646351352646,0.280728427035039,0.105522036256703,AUT
tp,5,0.0738906466422127,0.0587300151154401,0.5575661209778,0.172005155844654,AUT
tp,6,0.0376655812944629,0.0536229727023639,0.171996216480629,0.119630538895788,AUT
tp,7,0.0376655813073464,0.053622972709461,0.171996216474537,0.119630538762845,AUT
ts,2,0.026800731433661,0.0500843488986445,0.106278245177691,0.104707653482631,AUT
ts,3,0.0364456519757375,0.053019624784738,0.16261241045204,0.122802345570894,AUT
ts,4,0.0477460181877042,0.0488351138828968,0.279795671340662,0.106366943521175,AUT
ts,5,0.0729982360752353,0.0582376619313741,0.547014678071332,0.167863290945847,AUT
ts,6,0.0273303504925202,0.0542729027178841,0.111210144408606,0.127176582321762,AUT
ts,7,0.0273303505784611,0.0542729025943081,0.111210144375984,0.127176581022937,AUT
cs,2,0.087926801820537,0.0528770628578162,0.271043139504176,0.15096781113081,BLR
cs,3,0.0568695003055163,0.0443228585390354,0.349372433697788,0.154991628282413,BLR
cs,4,0.0513877062789855,0.0462321173494783,0.2638420148932,0.192244817604293,BLR
cs,5,0.0529769131017248,0.0466848512774447,0.23917063145442,0.218574898618271,BLR
cs,6,0.0536971252151259,0.0473104211652464,0.236081971024431,0.226019218121303,BLR
cs,7,0.053697125215126,0.0473104211652459,0.236081971024429,0.226019218121304,BLR
tp,2,0.0862662213043087,0.0529491083438044,0.260249347057759,0.150331538310023,BLR
tp,3,0.0542714499835509,0.0438538909450658,0.366557928775371,0.160001843808462,BLR
tp,4,0.051719843147621,0.0448290602371408,0.260636931673802,0.136071849079106,BLR
tp,5,0.0556642747074094,0.0463766284484914,0.29283457680123,0.220081717694682,BLR
tp,6,0.13747867973731,0.0793456726217385,0.919332194688498,0.464095724119219,BLR
tp,7,0.137478679737598,0.0793456726216222,0.919332194692025,0.464095724117604,BLR
ts,2,0.0861138496235005,0.0529585882186753,0.259534478463526,0.150638329733979,BLR
ts,3,0.0540280214858434,0.0440066149742571,0.360132959558991,0.159741261532495,BLR
ts,4,0.0514082172019173,0.044594308906082,0.256845485691939,0.134843831001449,BLR
ts,5,0.0562368270812832,0.0466381620555166,0.285868972860287,0.21956696834341,BLR
ts,6,0.052305819916703,0.047032325218033,0.168495391574603,0.147639774677577,BLR
ts,7,0.0523058199166966,0.0470323252180347,0.168495391574593,0.1476397746776,BLR
cs,2,0.0239764520471651,0.0403915555517992,0.0894871562401485,0.110102071725032,BEL
cs,3,0.026170241041806,0.0449291728304789,0.170561175285108,0.200775459002807,BEL
cs,4,0.0363341315136895,0.0505764208492491,0.277378480721565,0.25214296342422,BEL
cs,5,0.037764165051149,0.0539886082238595,0.292092864418611,0.281840826079672,BEL
cs,6,0.0404196064512231,0.0543328535918172,0.31684086230824,0.286337698339677,BEL
cs,7,0.0404196064512233,0.0543328535918159,0.316840862308241,0.286337698339663,BEL
tp,2,0.0243238203626932,0.0405830526990268,0.0878251554632748,0.10853933830474,BEL
tp,3,0.02875702722475,0.0488861964634568,0.212709900585836,0.252088657204807,BEL
tp,4,0.0339161048606828,0.055401223069074,0.170446475099537,0.300928971048346,BEL
tp,5,0.0395160003232724,0.0554750182611481,0.306956099271697,0.294671480737259,BEL
tp,6,0.144132207041821,0.0626641118840131,1.51985699599636,0.40227303880244,BEL
tp,7,0.144132207041932,0.0626641118840657,1.51985699599766,0.402273038803024,BEL
ts,2,0.0245049603972839,0.0405531058280614,0.088381238945837,0.108605232376591,BEL
ts,3,0.0286690976672259,0.0484296824686349,0.211606244196945,0.247229508859474,BEL
ts,4,0.0337468188733394,0.0549078667838821,0.168674913328764,0.295599343809013,BEL
ts,5,0.0390146289434596,0.054735441751219,0.301820497548713,0.286554406134936,BEL
ts,6,0.142545551216178,0.0595995914555442,1.50072572080622,0.3680052614963,BEL
ts,7,0.142545551216278,0.0595995914555905,1.50072572080743,0.368005261496816,BEL
cs,2,0.0310286069848057,0.0511142268715438,0.0977145928012633,0.121897451079525,BGR
cs,3,0.0350431461931971,0.0489695619300522,0.234255407816168,0.114609150265654,BGR
cs,4,0.04171533902675,0.0503726605759247,0.286276786943468,0.134973434491029,BGR
cs,5,0.0568732819460475,0.0539147208375643,0.405664534206671,0.155993342226309,BGR
cs,6,0.176885351185507,0.112449328049017,1.49942558128973,0.69451007559855,BGR
cs,7,0.176885351185507,0.112449328049016,1.49942558128972,0.694510075598545,BGR
tp,2,0.0302248042042306,0.0511263555020776,0.0963397900782559,0.122065591482597,BGR
tp,3,0.0381221312106645,0.0482568608594531,0.267194550659774,0.109342054949986,BGR
tp,4,0.0309431357699079,0.0595202588795755,0.184273992071061,0.186944901812715,BGR
tp,5,0.0601505681206633,0.054235112615355,0.428075253859155,0.15942167608775,BGR
tp,6,0.0495893839829096,0.0695140111907829,0.420011806602715,0.27947037276842,BGR
tp,7,0.0495893839828871,0.0695140111907622,0.420011806602438,0.279470372768224,BGR
ts,2,0.0302261289777008,0.0511096842187365,0.0962611691862334,0.121906019300932,BGR
ts,3,0.0378904565170656,0.0481612036015947,0.265176885454723,0.10869041119055,BGR
ts,4,0.0307080108591423,0.0583252663451325,0.182264739306691,0.176326015278367,BGR
ts,5,0.0594108416313105,0.0540405753182591,0.421704095576825,0.157429707137862,BGR
ts,6,0.0473505382781195,0.0648130930778169,0.396743307025181,0.239397782176148,BGR
ts,7,0.047350538278097,0.0648130930777988,0.396743307024907,0.239397782175973,BGR
cs,2,0.0216324687268933,0.0215316831494208,0.0783523802825576,0.119167270127138,CAN
cs,3,0.0138906523378708,0.0165881115001615,0.081539395861267,0.0615224135076773,CAN
cs,4,0.0135861714200521,0.0175818390684428,0.0893877943191474,0.0803907322470947,CAN
cs,5,0.0134540506722784,0.0166160058008578,0.0899693976003668,0.0816782409641352,CAN
cs,6,0.0134206359656581,0.0164470537002387,0.0907127623995412,0.0820347028703362,CAN
cs,7,0.013420635965658,0.0164470537002387,0.0907127623995409,0.0820347028703362,CAN
tp,2,0.0211677250710072,0.0219767470354648,0.0770636267647539,0.12294266386328,CAN
tp,3,0.0133328729897943,0.0169469821440617,0.0739944186327424,0.0659030189019525,CAN
tp,4,0.0161328760949768,0.0215236866528416,0.0836609984466924,0.0894763909967559,CAN
tp,5,0.0136715174867133,0.0169033380618168,0.0926148534713861,0.0846386139741109,CAN
tp,6,0.0177394717664709,0.0169937209474222,0.098374787929171,0.0585416404835993,CAN
tp,7,0.0177394717664709,0.0169937209474273,0.0983747879291688,0.05854164048363,CAN
ts,2,0.0210823811919558,0.0219164576976963,0.0766744745710868,0.122556246449796,CAN
ts,3,0.0132708962643499,0.0168686032547259,0.0735038711694413,0.0653676770480487,CAN
ts,4,0.0161433131530514,0.0215462838941852,0.0838374964443677,0.0895567606173097,CAN
ts,5,0.013573505978167,0.0167450313791029,0.0914249683263892,0.0830931767020336,CAN
ts,6,0.017542093858615,0.0171107320505496,0.0972217490334797,0.0588988152040541,CAN
ts,7,0.0175420938586151,0.0171107320505542,0.0972217490334766,0.0588988152040823,CAN
cs,2,0.0370975792107493,0.0416077421150455,0.2206336402256,0.165034146369941,CZE
cs,3,0.0385654136766197,0.042522623081924,0.252983949440968,0.21373548409674,CZE
cs,4,0.0965181917710154,0.04233401506168,0.861035235362425,0.202283611206138,CZE
cs,5,0.124057808942024,0.0431090754474446,1.17700747230695,0.206854704238075,CZE
cs,6,0.135865015855969,0.044281722310574,1.32879908412335,0.221470919257109,CZE
cs,7,0.135865015855969,0.0442817223105738,1.32879908412336,0.221470919257108,CZE
tp,2,0.0376928137961607,0.041545731689253,0.224028753313945,0.16694917514854,CZE
tp,3,0.0399363843783542,0.0425716399749483,0.276066574339764,0.217965797975549,CZE
tp,4,0.0966681697515503,0.0416748572978713,0.833927292758474,0.167089567506356,CZE
tp,5,0.125334026917285,0.0429245531705604,1.19655206040696,0.209452111087966,CZE
tp,6,0.0762589069700913,0.0586130135666994,0.594266438795817,0.426570406608232,CZE
tp,7,0.0762589069700523,0.0586130135667331,0.594266438795402,0.426570406608711,CZE
ts,2,0.0380218091954621,0.0415645075519939,0.225598495275269,0.166996696348227,CZE
ts,3,0.0398383039359217,0.0425351472290566,0.274930844891536,0.217324023953117,CZE
ts,4,0.0960264672164287,0.0416640696785586,0.826876447652114,0.166851181362032,CZE
ts,5,0.125276375358074,0.042803862720648,1.19586411608754,0.207908412267174,CZE
ts,6,0.0750964625292884,0.0449650588813471,0.581634805009342,0.205590396695852,CZE
ts,7,0.0750964625292504,0.0449650588813496,0.581634805008943,0.205590396695926,CZE
cs,2,0.0495556856789926,0.0585478888722998,0.259740175335033,0.191167082501887,DNK
cs,3,0.0673511609836512,0.0628060003681342,0.440546730924201,0.196506899047073,DNK
cs,4,0.0786752046042279,0.0641500487194944,0.542878011266929,0.206850483098054,DNK
cs,5,0.0791839475504779,0.0637363501489656,0.550728965332526,0.207760369256684,DNK
cs,6,0.0795746615387744,0.0634874141035866,0.556838662678599,0.208414759432986,DNK
cs,7,0.0795746615387744,0.0634874141035867,0.556838662678599,0.208414759432986,DNK
tp,2,0.0495797752889265,0.0584400216211932,0.258322051058407,0.185649151066439,DNK
tp,3,0.0680307809886006,0.0625272844754622,0.451508057254229,0.190987112208988,DNK
tp,4,0.0600786951692343,0.0618473213296023,0.349573036753402,0.168050840541703,DNK
tp,5,0.0809119350539469,0.0638702457017031,0.580149079356172,0.208536549481284,DNK
tp,6,0.0555284016397262,0.0645794788582971,0.313917250617088,0.213940749060687,DNK
tp,7,0.0555284016397274,0.0645794788582944,0.313917250617093,0.213940749060623,DNK
ts,2,0.04958747848206,0.058451362372195,0.258448408803946,0.18600859428188,DNK
ts,3,0.0674558794541499,0.0625054449497912,0.446761453792332,0.191142799990699,DNK
ts,4,0.0596442118198394,0.0620988466512663,0.345997961722281,0.170345768395661,DNK
ts,5,0.0798981184395297,0.0638119000592288,0.570563380717949,0.207614700175891,DNK
ts,6,0.0557510205940886,0.0638166343052458,0.314510917496388,0.204736917427742,DNK
ts,7,0.0557510205940897,0.0638166343052439,0.314510917496391,0.204736917427695,DNK
cs,2,0.137133489193667,0.136015806226533,0.431181123581678,0.369225329171358,EST
cs,3,0.14181860406515,0.132328755610031,0.631222311478858,0.363488178332756,EST
cs,4,0.129082917147673,0.132723582956693,0.552855826938476,0.362212885033916,EST
cs,5,0.133025635783609,0.132651449128038,0.554768497297006,0.362149860505951,EST
cs,6,0.134418272350397,0.132579330431893,0.555531423733882,0.361883619261245,EST
cs,7,0.134418272350397,0.132579330431893,0.555531423733882,0.361883619261245,EST
tp,2,0.135749225413582,0.134565678385255,0.42326439688851,0.368778010789471,EST
tp,3,0.137399290623539,0.133501231190218,0.657903618517074,0.365475241260319,EST
tp,4,0.108353730932584,0.130629832989189,0.326194972162766,0.365319539470383,EST
tp,5,0.133082058178318,0.132970115753951,0.584875375243107,0.362064411772661,EST
tp,6,0.128867420214384,0.13062651640546,0.378095011311288,0.365308487772379,EST
tp,7,0.128867420214278,0.130626515558289,0.378095011311171,0.365308484677812,EST
ts,2,0.135169049437662,0.136033190014848,0.421715457191484,0.369589741119378,EST
ts,3,0.137448051764537,0.131472351755344,0.644398729423281,0.367191444545997,EST
ts,4,0.109608844952731,0.132810677750446,0.326943856593263,0.368590845589241,EST
ts,5,0.134203952084221,0.130988964145934,0.579954484659259,0.363613945794181,EST
ts,6,0.147270888032836,0.136433760090013,0.763942008518517,0.370328606355272,EST
ts,7,0.147270888032842,0.139293082074151,0.763942008518594,0.370608909586092,EST
cs,2,0.0455462785386007,0.0792140810615159,0.120519461942847,0.166644287386817,FIN
cs,3,0.0784684203296944,0.0786655963865826,0.432651073100277,0.178661821915443,FIN
cs,4,0.077556841655297,0.0933089885432979,0.409727393447249,0.271365659576589,FIN
cs,5,0.0835284500083338,0.0960740691279335,0.479877576281559,0.287779890167311,FIN
cs,6,0.0883609765979102,0.0975921802238154,0.530704080971968,0.301916016422812,FIN
cs,7,0.0883609765979106,0.0975921802238154,0.530704080971965,0.301916016422812,FIN
tp,2,0.04552141973628,0.0800647677372002,0.117461707492539,0.173041617378471,FIN
tp,3,0.0778991129662682,0.0773987075150934,0.425868421155274,0.171534057640808,FIN
tp,4,0.0507191085787459,0.0841942391830373,0.248478924933557,0.187925194039074,FIN
tp,5,0.0825289970668265,0.0986944809511925,0.474318809748743,0.32215689714851,FIN
tp,6,0.0526794752749573,0.0779521799035771,0.157014000407807,0.149297041691148,FIN
tp,7,0.0833373248905444,0.0779521794639521,0.466723242517022,0.149297039883902,FIN
ts,2,0.0455317425328609,0.0800264105661123,0.117703584580234,0.173090292318198,FIN
ts,3,0.0776002566729553,0.0773253922038722,0.423200806994095,0.170346693211794,FIN
ts,4,0.050332938488276,0.0837937180485395,0.242934259039356,0.1860831042859,FIN
ts,5,0.0823656927540367,0.0983042542657219,0.471810719905812,0.31850482852434,FIN
ts,6,0.0552757644745788,0.0874539321112818,0.124591794618962,0.222650385519205,FIN
ts,7,0.0552757644328677,0.0874539295463795,0.124591794561999,0.222650368073748,FIN
cs,2,0.0162986693828456,0.0253625263078846,0.0984553019280058,0.0901047810092585,FRATNP
cs,3,0.0224822914690005,0.0154776672487241,0.233602752465347,0.0637616352235878,FRATNP
cs,4,0.0281949246710566,0.0114254271462253,0.321702150543498,0.0930760664316734,FRATNP
cs,5,0.0266854502569767,0.011376357171454,0.305888134637333,0.0971637166041241,FRATNP
cs,6,0.0275094098806871,0.0121813700862598,0.311616708125395,0.103279234125018,FRATNP
cs,7,0.0275094098806871,0.0121813700862599,0.311616708125395,0.10327923412502,FRATNP
tp,2,0.0164881231417696,0.0258422538873234,0.0976749073271335,0.0884567436312109,FRATNP
tp,3,0.0251254298471173,0.0169122251863748,0.265097072663775,0.0894411043398024,FRATNP
tp,4,0.0202614841025109,0.0131263600794834,0.22355057249915,0.0580229076456097,FRATNP
tp,5,0.0287281154173896,0.0112663004032461,0.32609787672841,0.0953098888960816,FRATNP
tp,6,0.0348431173301729,0.0275990545219659,0.408075317667348,0.246306808274848,FRATNP
tp,7,0.0348431173301793,0.0275990545219723,0.40807531766742,0.246306808274929,FRATNP
ts,2,0.0164858459903356,0.0258277933048714,0.0976671366692388,0.0885094943544526,FRATNP
ts,3,0.0250049681080039,0.0168927086444594,0.263853686830049,0.0891447227079431,FRATNP
ts,4,0.0203074546038187,0.0130881788370878,0.224368557791298,0.0572531477161982,FRATNP
ts,5,0.0285369301714335,0.0112223210674009,0.323659263920158,0.0944854815681782,FRATNP
ts,6,0.0350798233648412,0.0274787835135948,0.410832089635816,0.245334861874234,FRATNP
ts,7,0.0350798233648485,0.0274787835136019,0.410832089635891,0.245334861874315,FRATNP
cs,2,0.0516398515184269,0.0646194434281613,0.342547445871828,0.260222321664301,DEUTE
cs,3,0.0984917926630632,0.0819113350134023,1.00738060086908,0.51377857364252,DEUTE
cs,4,0.220046520892493,0.140141410874105,2.33230888677842,1.15360569104488,DEUTE
cs,5,0.546629383876609,0.220273584688401,6.09171313391786,1.97776888329947,DEUTE
cs,6,0.650168146536599,0.288744672913617,7.21031476724012,2.66963883725958,DEUTE
cs,7,0.6501681465366,0.28874467291362,7.21031476724013,2.66963883725962,DEUTE
tp,2,0.0523121286989244,0.0653995398264637,0.344432651366152,0.261320873677458,DEUTE
tp,3,0.0968345371104176,0.0836762507523693,1.00719822754975,0.53845170258318,DEUTE
tp,4,0.0744927649596118,0.101022580665442,0.737475776817276,0.695548232148281,DEUTE
tp,5,0.605965416781864,0.236354464467847,6.78871446478073,2.14000700456542,DEUTE
tp,6,0.0915507608612898,0.20424435329167,0.835585978986735,1.83099518880597,DEUTE
tp,7,0.0915507785843886,0.204244285614781,0.83558613711801,1.83099439370615,DEUTE
ts,2,0.0522641428500234,0.0654253940708061,0.341915549715908,0.261533224325134,DEUTE
ts,3,0.096492251524362,0.083359041573096,1.00385702512321,0.534738153321319,DEUTE
ts,4,0.0738545364050264,0.0997299481001251,0.728502534695564,0.681681017995315,DEUTE
ts,5,0.605606191107681,0.234785139120494,6.78534228030948,2.12400603978343,DEUTE
ts,6,0.0874821696175709,0.0930897768036285,0.858767619964083,0.606442950375132,DEUTE
ts,7,0.0874821696397381,0.0930897768036155,0.858767620201691,0.606442950374953,DEUTE
cs,2,0.0175275957674503,0.0103934483150141,0.11197494244204,0.0297661156142558,DEUTW
cs,3,0.0196238694944034,0.0131300454663616,0.18636074812269,0.0572912706869585,DEUTW
cs,4,0.0393369806726477,0.0193522795363195,0.439618344574464,0.10805364625576,DEUTW
cs,5,0.035556776939973,0.020971388604031,0.393680121820924,0.118390649326868,DEUTW
cs,6,0.0372420248451097,0.0211991768488275,0.414643716749867,0.12047801863785,DEUTW
cs,7,0.0372420248451096,0.0211991768488274,0.414643716749867,0.120478018637848,DEUTW
tp,2,0.0173518926957609,0.0105314720306626,0.111333978139522,0.0305834233885717,DEUTW
tp,3,0.020161090639621,0.0127860883151004,0.196438863354542,0.0560604790279254,DEUTW
tp,4,0.0440836034600286,0.0155199091113065,0.475080560107571,0.0789730973019866,DEUTW
tp,5,0.0384268747127958,0.0206080420054893,0.42772311686172,0.118708768480011,DEUTW
tp,6,0.026275337240863,0.0127794107693879,0.258563553491634,0.0610548874032422,DEUTW
tp,7,0.026275332737959,0.0127794107843866,0.258563501762855,0.0610548877219566,DEUTW
ts,2,0.0171906951269023,0.0104192923865378,0.110821947743851,0.0302808713206917,DEUTW
ts,3,0.0200490926705491,0.0127397320087117,0.194511612848715,0.055402518477475,DEUTW
ts,4,0.0444595426856021,0.0154907532046262,0.477820975798296,0.0785880593641175,DEUTW
ts,5,0.0378836414280859,0.0203997742749514,0.421167751164269,0.116403589803966,DEUTW
ts,6,0.0406995331041397,0.0127367350344266,0.416777949380368,0.0604996578880306,DEUTW
ts,7,0.0406995368301763,0.0127367343058937,0.416777989009843,0.0604996375171659,DEUTW
cs,2,0.0322508185977777,0.0514930931933936,0.179607710399476,0.17421363644463,GRC
cs,3,0.0313598661501555,0.051222472012193,0.160219819515296,0.168450426157518,GRC
cs,4,0.0314068282537601,0.0510912121356984,0.159895745095118,0.166151671665089,GRC
cs,5,0.0314068282537601,0.0510912121356984,0.159895745095118,0.166151671665088,GRC
cs,6,0.0314068282537601,0.0510912121356984,0.159895745095118,0.166151671665089,GRC
cs,7,0.0314068282537601,0.0510912121356984,0.159895745095118,0.166151671665089,GRC
tp,2,0.030298345719553,0.0528832656754586,0.156121699515695,0.178715837064257,GRC
tp,3,0.0321214007507702,0.0514324531159107,0.170022651415446,0.170217855294907,GRC
tp,4,0.0326710554256305,0.0491335919128403,0.178043671284895,0.134157604286059,GRC
tp,5,0.0326710554256302,0.0491335919128404,0.178043671284893,0.134157604286059,GRC
tp,6,0.0326710554256301,0.0491335919128403,0.178043671284892,0.134157604286059,GRC
tp,7,0.0326710554256303,0.0491335919128404,0.178043671284894,0.134157604286059,GRC
ts,2,0.0340188356752177,0.0515493157727327,0.190210304461531,0.166607666937776,GRC
ts,3,0.0305864894425014,0.0566679991037001,0.149257449294069,0.203066045157354,GRC
ts,4,0.0284059773213655,0.0492638404013598,0.138329277538464,0.135126998676948,GRC
ts,5,0.0284059773213655,0.0492638404013599,0.138329277538463,0.135126998676949,GRC
ts,6,0.0284059773213655,0.0492638404013598,0.138329277538464,0.135126998676948,GRC
ts,7,0.0284059773213655,0.0492638404013598,0.138329277538464,0.135126998676948,GRC
cs,2,0.112324318058729,0.149204892130844,0.440441423263314,0.571596308679367,HKG
cs,3,0.106603573742726,0.147437090388581,0.462107073973661,0.607503254238948,HKG
cs,4,0.106603573742726,0.147437087833887,0.46210707397366,0.607503224300808,HKG
cs,5,0.106603573742726,0.147437089402538,0.462107073973658,0.607503241561894,HKG
cs,6,0.106603573742726,0.147437089402538,0.462107073973658,0.607503241561894,HKG
cs,7,0.106603573742726,0.147437089402538,0.462107073973658,0.607503241561894,HKG
tp,2,0.110350215434928,0.151560543013308,0.405195002639908,0.577947500143125,HKG
tp,3,0.10554843822583,0.203538935851004,0.424077061202872,1.20654050824113,HKG
tp,4,0.10554843822583,0.203538935851002,0.424077061202865,1.20654050824112,HKG
tp,5,0.10554843822583,0.203538935851001,0.424077061202866,1.2065405082411,HKG
tp,6,0.10554843822583,0.203538935851001,0.424077061202866,1.2065405082411,HKG
tp,7,0.10554843822583,0.203538935851001,0.424077061202866,1.2065405082411,HKG
ts,2,0.110424280198481,0.158423431956227,0.399162699506283,0.636436859788519,HKG
ts,3,0.103492410280941,0.209050216878738,0.356727932593718,1.12834737776759,HKG
ts,4,0.103492410280941,0.209050216878739,0.356727932593719,1.1283473777676,HKG
ts,5,0.103492410280941,0.209050216878738,0.356727932593719,1.1283473777676,HKG
ts,6,0.103492410280941,0.209050216878738,0.356727932593719,1.1283473777676,HKG
ts,7,0.103492410280941,0.209050216878738,0.356727932593719,1.1283473777676,HKG
cs,2,0.0610602769101311,0.0566984598144279,0.501099989210711,0.362297579868647,HUN
cs,3,0.0743392177457614,0.0614091468097294,0.585947074488711,0.413408271602134,HUN
cs,4,0.101321136168498,0.0603680795072306,1.0724111175982,0.434124492858952,HUN
cs,5,0.106735423822286,0.0626273879575175,1.17223053746784,0.446528880911841,HUN
cs,6,0.115770239282561,0.0638798649532798,1.13441366768496,0.457178435960019,HUN
cs,7,0.115770239282562,0.0638798649532801,1.13441366768498,0.457178435960022,HUN
tp,2,0.0591773514776985,0.0556615038927502,0.490110900090916,0.353198623413764,HUN
tp,3,0.0944193901895868,0.0649934920151241,0.794797006353216,0.445626384834136,HUN
tp,4,0.0509808039992543,0.0489795598577764,0.632656383815777,0.319697452508257,HUN
tp,5,0.108638169041017,0.0629109812536633,1.16444959367572,0.445356319108114,HUN
tp,6,0.0455073816192762,0.0460783276945154,0.494152321989336,0.305577101451544,HUN
tp,7,0.0455073816192745,0.0460783276945142,0.494152321989331,0.305577101451518,HUN
ts,2,0.0591413840812137,0.0556664054231509,0.489629570391167,0.353287444208446,HUN
ts,3,0.0941611029963044,0.0648040501278209,0.792319902776101,0.44402861510066,HUN
ts,4,0.0504528929118887,0.0489586505895701,0.625244500855863,0.320347483435446,HUN
ts,5,0.10851132406434,0.0625416825296853,1.16294082540091,0.441642648417966,HUN
ts,6,0.0446308241228944,0.0463899201536662,0.484579801092875,0.311015669909406,HUN
ts,7,0.044630824122892,0.0463899201536645,0.484579801092868,0.311015669909375,HUN
cs,2,0.21335626576187,0.272655147929489,0.332207524484138,0.674379829423891,ISL
cs,3,0.264965630222874,0.295422305283687,0.788787100046126,1.38993897587652,ISL
cs,4,0.306139627443955,0.720125703294031,1.16816040394874,5.42278808799723,ISL
cs,5,1.6243208636695,3.34653810423834,15.7694096060399,33.3695087320746,ISL
cs,6,9.12296055710049,7.96801760280582,102.985134962324,85.6108872360621,ISL
cs,7,16.352788747932,10.6840829853509,188.437857278675,117.121383371659,ISL
tp,2,0.211622081269949,0.262822969337156,0.325810393781371,0.612469459902289,ISL
tp,3,0.271386323547718,0.286455883829493,0.829251355622201,1.33109906833904,ISL
tp,4,0.228871887513618,0.284367947624145,0.474117517226986,1.29035546324995,ISL
tp,5,2.63675173722346,4.6472633321093,27.8431364902439,48.0938419287594,ISL
tp,6,0.210942141936862,0.257766111800283,0.30237384629275,0.918548285783442,ISL
tp,7,0.220172964648,0.239535929870349,0.467009726698154,0.890181932567702,ISL
ts,2,0.210889508105547,0.261960467460764,0.318584163303883,0.605998280820019,ISL
ts,3,0.268798105791431,0.280620708021882,0.80972464861403,1.27961737682705,ISL
ts,4,0.224226462442019,0.285366465866094,0.443735048446914,1.3032649163274,ISL
ts,5,2.62783339564956,4.64035561906848,27.7442550060042,48.019180679614,ISL
ts,6,2.62783339564956,4.64035561906848,27.7442550060042,48.019180679614,ISL
ts,7,0.214592000147819,0.232800984852777,0.430161843619344,0.832736830406493,ISL
cs,2,0.0831884769513888,0.0938831186997747,0.163204213762505,0.176484045610657,IRL
cs,3,0.0520364768399061,0.0993885032375288,0.147958308818912,0.278420703250127,IRL
cs,4,0.0527645128512214,0.111439804856054,0.156705572367251,0.405926064722042,IRL
cs,5,0.0537751103871879,0.110101515276447,0.164329887988821,0.390356183705205,IRL
cs,6,0.0544090277343311,0.110722127674354,0.169317825271625,0.395566492467342,IRL
cs,7,0.0545111709794722,0.110812033278274,0.170816521234184,0.396933010833849,IRL
tp,2,0.0842666143818511,0.0952992024497898,0.168243335867084,0.183194704686656,IRL
tp,3,0.0510193635763953,0.108956804094362,0.148666635649772,0.371789296530495,IRL
tp,4,0.0566279320608344,0.0945253288962214,0.140250532700194,0.219902494660392,IRL
tp,5,0.054264384081412,0.111259798816593,0.169401522505022,0.397439488511496,IRL
tp,6,0.0655243413209363,0.102877718228899,0.22580783198838,0.302665330506,IRL
tp,7,0.056440638772925,0.092605100717681,0.14183919579678,0.223345236893198,IRL
ts,2,0.0840382249595385,0.0955421375254534,0.167112284029234,0.183963993366441,IRL
ts,3,0.0510101874425568,0.108652847270345,0.147320100743209,0.368911540591571,IRL
ts,4,0.0559102150043179,0.0927141580212889,0.137036117202412,0.203791959330488,IRL
ts,5,0.0541958643073865,0.110241986690169,0.167136294914358,0.387920280807077,IRL
ts,6,0.0674999872868971,0.101191506748395,0.2421894040995,0.284394170440139,IRL
ts,7,0.0563963996173988,0.0924637595948059,0.141181578557873,0.221923741166715,IRL
cs,2,0.0441238250134665,0.135624302314992,0.143265724061368,0.658963785354635,ISR
cs,3,0.0555331040967198,0.116752918596968,0.196624664191658,0.501458751624431,ISR
cs,4,0.0555331040967198,0.116752918596968,0.196624664191658,0.50145875162443,ISR
cs,5,0.0555331040967198,0.116752918596968,0.196624664191658,0.501458751624431,ISR
cs,6,0.0555331040967198,0.116752918596968,0.196624664191658,0.501458751624431,ISR
cs,7,0.0555331040967198,0.116752918596968,0.196624664191658,0.50145875162443,ISR
tp,2,0.0448572899548896,0.153139196510124,0.140200406231427,0.792497150298995,ISR
tp,3,0.0517481625460539,0.148887386646406,0.174185710832774,0.750241212411845,ISR
tp,4,0.0517481625460542,0.148887386483313,0.174185710832776,0.750241211196702,ISR
tp,5,0.0517481625460552,0.148887381529421,0.174185710832784,0.75024117428232,ISR
tp,6,0.0517481625460539,0.148887386877495,0.174185710832775,0.750241214133595,ISR
tp,7,0.0517481625460536,0.148887383499221,0.174185710832773,0.75024118896211,ISR
ts,2,0.0447484543337194,0.127031471753656,0.145194222060944,0.589900480442458,ISR
ts,3,0.0476519042847083,0.1185680469157,0.145129060596053,0.513128861574481,ISR
ts,4,0.0476518950388782,0.118568046973418,0.14512902303427,0.51312886174294,ISR
ts,5,0.0476519105419851,0.118568046161118,0.14512908591509,0.51312886026294,ISR
ts,6,0.0476518942891727,0.118568046117122,0.145129019863135,0.513128862573343,ISR
ts,7,0.0476519162574302,0.11856804770923,0.14512910902641,0.513128864146036,ISR
cs,2,0.029636160541094,0.0380193270454384,0.118032541662658,0.0682882780696609,ITA
cs,3,0.0518476468231246,0.0318042808392554,0.694022771646685,0.156647147650458,ITA
cs,4,0.0803026009688155,0.0346626012729622,1.08561942341254,0.184008396971384,ITA
cs,5,0.0916099933650106,0.0498385752848984,1.22014320553302,0.332724557248473,ITA
cs,6,0.0730661753177119,0.105549112660908,1.00240255140586,0.927890078770991,ITA
cs,7,0.0738893217395174,0.126021649824125,1.0012698188121,1.15594727366726,ITA
tp,2,0.0298491491023874,0.0382890340749015,0.116560319548385,0.0685193914107108,ITA
tp,3,0.0552665028369387,0.0309395217837152,0.760583255892175,0.174802224998088,ITA
tp,4,0.0572446234596891,0.0335551258258215,0.741976818508629,0.108419629558105,ITA
tp,5,0.087861463744621,0.0543564078171106,1.1594147568541,0.36910239440051,ITA
tp,6,0.034116589066707,0.0556870730508085,0.345683801755313,0.224198065683367,ITA
tp,7,0.0609002394077437,0.0462819785253528,0.755754549837396,0.189348933709662,ITA
ts,2,0.0298782899560368,0.0382890997984794,0.116223919918483,0.068666620779348,ITA
ts,3,0.0550855105417112,0.0309025325520766,0.758258810356526,0.173754437469052,ITA
ts,4,0.0590478602436671,0.0341209403137913,0.764428368448186,0.114047756040128,ITA
ts,5,0.0876886057521835,0.0543509680061064,1.15722454494179,0.368737263748161,ITA
ts,6,0.0340553180654421,0.0558176450367169,0.344033224391295,0.224681422961703,ITA
ts,7,0.0607433558098651,0.0461117532457529,0.754030102140328,0.188051755839453,ITA
cs,2,0.0196607609195422,0.0147937031702755,0.122643435522277,0.0900716564092891,JPN
cs,3,0.0230495435515397,0.0152148828686395,0.181982971397583,0.124471747356522,JPN
cs,4,0.0265578660341457,0.0178644397058852,0.207861150712875,0.153440902763152,JPN
cs,5,0.0269935397029262,0.018364959520992,0.238866916141714,0.155398320671289,JPN
cs,6,0.0476985103704367,0.0187433373252748,0.478042943279494,0.160862918259562,JPN
cs,7,0.0608027861026197,0.0195806884013723,0.629385856881838,0.16612656268594,JPN
tp,2,0.020002857189188,0.0152689569129926,0.12497835358882,0.0924125740160348,JPN
tp,3,0.0213631335710358,0.0153874760802096,0.16457540739512,0.128867910058706,JPN
tp,4,0.029360051625562,0.0202180896550249,0.235244961481743,0.165240576792339,JPN
tp,5,0.0307833175153767,0.0199093094754722,0.27532453251237,0.174076877324481,JPN
tp,6,0.0554097502762192,0.0768380360220578,0.568941319907446,0.796619835476396,JPN
tp,7,0.0503167289337435,0.0583420120690324,0.473605321332908,0.575445975578859,JPN
ts,2,0.0200021552360655,0.0152792121579452,0.124799129950866,0.092464155571865,JPN
ts,3,0.0213555957031554,0.0153731075310536,0.164465603522126,0.128679011155946,JPN
ts,4,0.0293258531924345,0.0201553927829755,0.234173819822996,0.163771654863855,JPN
ts,5,0.0306624786829332,0.0198708531583737,0.273660891365077,0.173846098572255,JPN
ts,6,0.0551758593896462,0.076600483625916,0.565830443857005,0.794165436279137,JPN
ts,7,0.0502243815681459,0.0580788208237171,0.472524419031798,0.572556603122537,JPN
cs,2,0.0997945278302206,0.0601500955494351,0.472561840369771,0.234793639286016,LVA
cs,3,0.0902876748792186,0.0921205888684549,0.472682359512567,0.628499769024796,LVA
cs,4,0.103174902403947,0.0748853240123053,0.50501310228478,0.422107292094186,LVA
cs,5,0.352022431977184,0.0741538308066561,2.91405526530039,0.399483203626025,LVA
cs,6,0.604251614186605,0.0752432032191621,5.61583840620416,0.406750055171473,LVA
cs,7,0.60425161418661,0.0752432032191637,5.61583840620422,0.406750055171489,LVA
tp,2,0.0968356462975297,0.0602689249990439,0.464273532699938,0.237289140801916,LVA
tp,3,0.0955177774220704,0.0775013310771177,0.516210996130741,0.532378525694308,LVA
tp,4,0.0702881053322583,0.0581964645904612,0.360833586717617,0.281130217190378,LVA
tp,5,0.405454925228509,0.0751113027093254,3.41851155464238,0.405504658904332,LVA
tp,6,0.177800749328449,0.0608353031390557,1.311910251936,0.303066075229788,LVA
tp,7,0.177800749327588,0.0608353031390519,1.31191025192607,0.303066075229711,LVA
ts,2,0.0966511968921072,0.060414631351286,0.463472297378632,0.239238242665602,LVA
ts,3,0.0959685227600515,0.0764948690280898,0.513723963415116,0.522508324577224,LVA
ts,4,0.0710319008088685,0.0586235506604725,0.368438746262467,0.293455882764299,LVA
ts,5,0.408231356596185,0.0752067419141185,3.45217726908765,0.407281860117523,LVA
ts,6,0.0923286676152762,0.0631012164785393,0.506498340313754,0.353799111726041,LVA
ts,7,0.0923286676152803,0.0631012164785394,0.506498340313836,0.353799111726046,LVA
cs,2,0.0765625941584777,0.0721625950327794,0.228231308275181,0.132334498002851,LTU
cs,3,0.0562594533193643,0.0736765738482407,0.15946022162864,0.136194042605799,LTU
cs,4,0.0586330525800046,0.0730770664022976,0.163965289000446,0.147914720782155,LTU
cs,5,0.0600185808844904,0.0741068101573119,0.168096841904964,0.154295792301776,LTU
cs,6,0.0603318890926045,0.0742284572158793,0.170740130384043,0.154691511832615,LTU
cs,7,0.0603318890926039,0.0742284572158795,0.170740130384041,0.154691511832616,LTU
tp,2,0.0745508253878112,0.0718076958568226,0.216116656829222,0.130484843927154,LTU
tp,3,0.0558910238321868,0.0727932922285877,0.163915642972869,0.134631611307649,LTU
tp,4,0.0558379311009769,0.0682131419284071,0.208052543077881,0.119407891843284,LTU
tp,5,0.0589687673678023,0.0743205555312776,0.166708452669904,0.155911480305186,LTU
tp,6,0.0580259191644335,0.0681679484548172,0.155195008973683,0.115712911872941,LTU
tp,7,0.0580259191644251,0.0681679484548172,0.15519500897364,0.115712911872941,LTU
ts,2,0.074359796532527,0.0718126194311763,0.215327474096122,0.130569810825365,LTU
ts,3,0.056982374082225,0.0727265145591793,0.16785865336078,0.138864216986191,LTU
ts,4,0.0556921464632554,0.0681746063816784,0.205138001781729,0.119762669264982,LTU
ts,5,0.0599788158026897,0.0741060978716818,0.171147090304642,0.154972268251728,LTU
ts,6,0.0553229631307125,0.0681565730078027,0.163001564578156,0.115958112548298,LTU
ts,7,0.0553229631307128,0.0681565730078027,0.16300156457817,0.115958112548298,LTU
cs,2,0.143308364831334,0.189296635162452,0.491850473143633,0.221766350632366,LUX
cs,3,0.144135728068733,0.20383427512718,0.520417080748549,0.306865062278659,LUX
cs,4,0.143324173070208,0.217173449086233,0.516529244443267,0.437246900258461,LUX
cs,5,0.154289050784901,0.218858742761478,0.671154509468585,0.473548812551705,LUX
cs,6,0.169208743938696,0.408109271602142,1.04322682815713,3.36361070932337,LUX
cs,7,0.169208743938696,0.408109271602142,1.04322682815713,3.36361070932337,LUX
tp,2,0.142540324496018,0.188803247594542,0.488251789584676,0.220373318914973,LUX
tp,3,0.145228593083433,0.209510515538243,0.531716596490554,0.365690682977549,LUX
tp,4,0.136737435847686,0.203067583694402,0.417493880338653,0.293659482244536,LUX
tp,5,0.143333961265099,0.227089095606704,0.518929678134736,0.581449959813458,LUX
tp,6,0.142452585643401,0.197766124525876,0.481895177726205,0.262761162624188,LUX
tp,7,0.142452585567346,0.197766137042321,0.481895176455535,0.262761251533954,LUX
ts,2,0.138609007572069,0.189244275301498,0.421259157414739,0.219384577519678,LUX
ts,3,0.145077570095655,0.206254264731699,0.527015711972305,0.333862732623064,LUX
ts,4,0.137505811409631,0.200377631735668,0.419446285088074,0.274786161242613,LUX
ts,5,0.143337479058826,0.199272077020252,0.514479326340381,0.25776508842203,LUX
ts,6,0.138609010582746,0.193412040185945,0.42125917628226,0.221345178208412,LUX
ts,7,0.138609009554785,0.193412040186238,0.421259169954441,0.221345178208721,LUX
cs,2,0.0207602588922061,0.0276654743661031,0.110872014534694,0.0589387394863671,NLD
cs,3,0.0166135183508205,0.0326738815212724,0.122799629714798,0.125989571819892,NLD
cs,4,0.0199609766387339,0.0372827127502844,0.148756080813878,0.18923732316754,NLD
cs,5,0.0221609810034348,0.0402162363246844,0.170227292242583,0.226288026046076,NLD
cs,6,0.0232916925529,0.0466816991372841,0.185322072251946,0.286432863171966,NLD
cs,7,0.110768203123192,0.0501089497453358,1.28691790901576,0.32133730087393,NLD
tp,2,0.021068693756604,0.027712316073893,0.112414543394666,0.0593688217071678,NLD
tp,3,0.0182254269023874,0.0341436937324809,0.139187745793981,0.140024539490053,NLD
tp,4,0.0199542272143299,0.0319550236189606,0.137750358762749,0.0870962464803166,NLD
tp,5,0.0246677798879047,0.0413462418509112,0.218569505336696,0.233186015143291,NLD
tp,6,0.0471784548156587,0.068930283203677,0.467843767996051,0.409237843175117,NLD
tp,7,0.0511531320517861,0.0349187526486893,0.524416500675228,0.128585735910201,NLD
ts,2,0.0210641541805454,0.027672571620848,0.112384236144467,0.0593144887204612,NLD
ts,3,0.018121556815132,0.0339253455537541,0.137995667540164,0.138108933706222,NLD
ts,4,0.0198706199450608,0.0319876743454134,0.137026937816897,0.0869121761579759,NLD
ts,5,0.0242550799677477,0.0408152724563189,0.214135742640122,0.228332150549456,NLD
ts,6,0.0464697705052212,0.0685850763085724,0.459427775474124,0.405775914184993,NLD
ts,7,0.0505227891521294,0.0297322590777329,0.516803970942029,0.0927257405622833,NLD
cs,2,0.0658593104435723,0.0584259439639164,0.220492522486364,0.120767556060917,NZL_NP
cs,3,0.0726577821249083,0.0620466818547911,0.307375593325567,0.143340353917066,NZL_NP
cs,4,0.0728177892933202,0.0634128673984005,0.304938465805832,0.151152032923352,NZL_NP
cs,5,0.0733550033127586,0.0635495254645627,0.306810352097746,0.151957755421897,NZL_NP
cs,6,0.073701870460944,0.0636453403446814,0.308979073687197,0.151984114640453,NZL_NP
cs,7,0.0738155957937686,0.0637019115951025,0.309556359987476,0.152118176482023,NZL_NP
tp,2,0.0660633082678585,0.0582755675898209,0.220868305746018,0.11903624091439,NZL_NP
tp,3,0.0721879174987975,0.0673923445592174,0.307958511091014,0.178477650741033,NZL_NP
tp,4,0.126846432484648,0.0650632808954844,0.653467136606007,0.170758158014724,NZL_NP
tp,5,0.076585816876713,0.0639111661881115,0.330221774562663,0.155511345131843,NZL_NP
tp,6,0.119329161884783,0.0636353298909493,0.591115068821437,0.161326904115292,NZL_NP
tp,7,0.0717688105760211,0.0599358817669104,0.28599099944372,0.131205552108362,NZL_NP
ts,2,0.066010832845285,0.0580993625719761,0.220508136108917,0.118205620712657,NZL_NP
ts,3,0.0715843480728279,0.0672346616246798,0.303990206601073,0.177635207795292,NZL_NP
ts,4,0.123353700892517,0.0642466293059979,0.629091078643231,0.165503862615465,NZL_NP
ts,5,0.0756896894574041,0.063449776588558,0.324313907392802,0.152731744124005,NZL_NP
ts,6,0.116758156573919,0.0632892512508598,0.573313730198282,0.159047297834411,NZL_NP
ts,7,0.0705875965107046,0.0597961198606322,0.278612464010505,0.13042904797078,NZL_NP
cs,2,0.0695715320508568,0.0802754757629714,0.204159824463314,0.158739390973368,NOR
cs,3,0.0688143247340772,0.0856593633283422,0.258282753744516,0.21655046147129,NOR
cs,4,0.0950846465580464,0.083314081288009,0.493788578475415,0.221453310604633,NOR
cs,5,0.0949718735587703,0.0871149577941727,0.536847466026471,0.26449978343729,NOR
cs,6,0.0984224898331823,0.0894874025717146,0.573758955639133,0.305266576244661,NOR
cs,7,0.10048926152361,0.0905533129424472,0.594540160663279,0.317094418960255,NOR
tp,2,0.0694795787925137,0.0803483293695271,0.204641455944046,0.158823428641353,NOR
tp,3,0.0706327553953014,0.0853573558289801,0.272892778360698,0.223721488310967,NOR
tp,4,0.0728255113701816,0.0781916025319763,0.245934459316114,0.143910280989241,NOR
tp,5,0.0906984211250326,0.0883007489942447,0.509147975024727,0.286604937920579,NOR
tp,6,0.090741133918951,0.113826490511723,0.41860483437677,0.58389066063481,NOR
tp,7,0.0647155937431307,0.0819642474029014,0.205382335604496,0.201571562747851,NOR
ts,2,0.0695643609451748,0.0803512179403731,0.205249918599171,0.159029525389776,NOR
ts,3,0.0705026801114794,0.0851926963661372,0.271857936667865,0.221634860730988,NOR
ts,4,0.0730844542611326,0.0782280625713819,0.247578112055274,0.144603737628215,NOR
ts,5,0.0903689925950757,0.0872314341320967,0.504012959773666,0.271908293345861,NOR
ts,6,0.0908685034116099,0.112054922228048,0.417400709151352,0.562243119245409,NOR
ts,7,0.0644847755252947,0.0818773355659937,0.207548635400569,0.200834722349524,NOR
cs,2,0.0273083051697611,0.023184680075568,0.250829318366133,0.152209159466233,POL
cs,3,0.0564888740725283,0.0435866075597654,0.557635879426753,0.314876629552185,POL
cs,4,0.0470590934305678,0.0313738508065236,0.623541801687943,0.24292209747618,POL
cs,5,0.0499445759225509,0.0322761110347048,0.665148789880247,0.252003935838217,POL
cs,6,0.0615382919506008,0.0363842691410517,0.744866312133976,0.384990454204538,POL
cs,7,0.0615382919506017,0.036384269141052,0.744866312133988,0.38499045420454,POL
tp,2,0.0265735239932018,0.0227097168005266,0.247463361692354,0.147468324883589,POL
tp,3,0.0610411888959582,0.0461170340420106,0.60534842668455,0.343603422389285,POL
tp,4,0.0282674560105556,0.0151415906465023,0.392678518922489,0.0960439267708119,POL
tp,5,0.0483683509481145,0.0332187859659244,0.626476821723877,0.261121777660385,POL
tp,6,0.0221486212312075,0.0150921645649066,0.267344842322133,0.11586277481552,POL
tp,7,0.0221486280828193,0.0150921699825885,0.267344907239787,0.115862819060535,POL
ts,2,0.0265059610782446,0.0227067227482113,0.246955939958511,0.14748889358097,POL
ts,3,0.0608938247136859,0.0458894478303007,0.603888500879221,0.341356263905723,POL
ts,4,0.0281359119105207,0.0151078422533819,0.390482922658667,0.0955777953857632,POL
ts,5,0.0482856221409912,0.0331116114488586,0.625328932140393,0.258433412602256,POL
ts,6,0.0216770374560074,0.0160426354095845,0.26878360421849,0.0877006486138779,POL
ts,7,0.0216770374538031,0.0160426356064453,0.26878360422841,0.087700649024532,POL
cs,2,0.0400848248955121,0.0403928058084167,0.285987406070694,0.187719409691962,PRT
cs,3,0.0262824184468321,0.0350414239015041,0.475592052782725,0.169006995396551,PRT
cs,4,0.0368429417103842,0.0819263330014088,0.456252614004671,0.710660338372789,PRT
cs,5,0.0785045771020377,0.10159832229377,0.770094759093138,0.964316926949911,PRT
cs,6,0.311266574117858,0.127926178494633,3.27913142443369,1.24890670987769,PRT
cs,7,0.497370536796699,0.141385938406244,5.32146872588987,1.39447775875239,PRT
tp,2,0.041348969687554,0.04121822059172,0.283315611306233,0.186924035718411,PRT
tp,3,0.0305944342005476,0.0361362784663352,0.569249280543428,0.212546421540506,PRT
tp,4,0.0456323296592846,0.0769130689946821,0.249128134940637,0.451594217579102,PRT
tp,5,0.145062754250305,0.107875858607126,1.41411729227332,1.03063169067255,PRT
tp,6,0.37878076292141,0.303761537854321,3.74193460904349,2.72131380354573,PRT
tp,7,0.313394147921557,0.230166061930131,3.10667141319881,1.93846308532881,PRT
ts,2,0.0412864788492536,0.0411798234599184,0.283222290129563,0.186769575887333,PRT
ts,3,0.0304462102292874,0.0360569996251596,0.566628456858267,0.211372309074707,PRT
ts,4,0.0455671502370368,0.0771636810414927,0.24889380396993,0.460575062493035,PRT
ts,5,0.145144618695287,0.106501930145655,1.41458617585835,1.01539504030606,PRT
ts,6,0.376968689682749,0.302717624093785,3.719756529044,2.71014493333465,PRT
ts,7,0.311186482549054,0.227639659324078,3.08169180825707,1.91206064564869,PRT
cs,2,0.104117653833987,0.0967661842054548,0.199638617390286,0.188909641768534,RUS
cs,3,0.0694293979463368,0.081116889393642,0.165940213211707,0.155046416240206,RUS
cs,4,0.0652565305844554,0.0785019025547589,0.160841062192301,0.159352862790278,RUS
cs,5,0.0706164243502507,0.0791245556044682,0.179593427044168,0.168637017488715,RUS
cs,6,0.0716467649743364,0.0799564182126688,0.178513969203433,0.175283196394814,RUS
cs,7,0.0716467649743363,0.0799564182126687,0.178513969203433,0.175283196394814,RUS
tp,2,0.102617225892478,0.0967269694865835,0.192231031751307,0.188356876410023,RUS
tp,3,0.0669107625598471,0.0793960514743482,0.164033724057354,0.147472256147594,RUS
tp,4,0.0602564718238829,0.0726834698979414,0.0945865204679268,0.119080397984275,RUS
tp,5,0.0705141550432905,0.0792014388226033,0.17565240522474,0.169884277577629,RUS
tp,6,0.120161159504664,0.155876627800088,0.516367348993252,0.737031056150642,RUS
tp,7,0.12016115950391,0.155876627799323,0.516367348987747,0.737031056145271,RUS
ts,2,0.102637340272974,0.096792026628473,0.192301103518454,0.188698089201858,RUS
ts,3,0.0668450584309998,0.0794600883420249,0.162796476378975,0.147341974632357,RUS
ts,4,0.0602349083147842,0.0726590989830641,0.0938952664566877,0.118808878229295,RUS
ts,5,0.0703324517450188,0.0793632257103399,0.173905694817096,0.170431752910903,RUS
ts,6,0.0985078255071702,0.0977318996738985,0.372567567993111,0.292050825852818,RUS
ts,7,0.0985078255069746,0.0977318996737996,0.372567567992019,0.29205082585227,RUS
cs,2,0.0419064561728015,0.0579161818423045,0.235105492252704,0.198619981744782,SVK
cs,3,0.055998886117842,0.0677440402693825,0.360878206942431,0.273363481004373,SVK
cs,4,0.0686611896682578,0.0632628661117695,0.465597011533221,0.247497787678182,SVK
cs,5,0.0744553572059485,0.0634248983216511,0.52025196300866,0.248099725494449,SVK
cs,6,0.0813599447110442,0.0637198765052174,0.586153859765545,0.24907055993534,SVK
cs,7,0.0856346625618543,0.0637137380106666,0.626824646992956,0.249277564160914,SVK
tp,2,0.041249725545669,0.057706129311974,0.231747218945456,0.198637762930896,SVK
tp,3,0.0585317392790929,0.0668152931588883,0.385177932612784,0.270192741466362,SVK
tp,4,0.0987589967743813,0.0562406115435529,0.724258218516368,0.195192876815916,SVK
tp,5,0.0741877712226764,0.0641132300446422,0.518756641538095,0.264771968894005,SVK
tp,6,0.0706744735668514,0.0563358085550246,0.435762733109611,0.19473573217512,SVK
tp,7,0.0818683406919712,0.0618961034196045,0.555315468475572,0.2397001533992,SVK
ts,2,0.041230759778151,0.0577086381251046,0.231629389393327,0.198630969146316,SVK
ts,3,0.0582398315097997,0.0665866968732083,0.382637633387278,0.268461164439109,SVK
ts,4,0.0988530194061942,0.0562742810646486,0.725278032356158,0.19521070977654,SVK
ts,5,0.0727885631308669,0.0639001722816206,0.505681324987484,0.26187268312891,SVK
ts,6,0.0714139554359946,0.0559121289425354,0.442654767133029,0.192685055040265,SVK
ts,7,0.081497073975439,0.0619346554490126,0.551958592651259,0.240191257166697,SVK
cs,2,0.0986137132966385,0.136772045121371,0.391818107467158,0.366504586519762,SVN
cs,3,0.112233070657899,0.161942167743394,0.528198127476698,0.675879575015587,SVN
cs,4,0.112233070657899,0.161942167743393,0.528198127476696,0.675879575015576,SVN
cs,5,0.112233070657899,0.161942167743393,0.5281981274767,0.675879575015573,SVN
cs,6,0.112233070657899,0.161942167743393,0.528198127476699,0.675879575015575,SVN
cs,7,0.112233070657899,0.161942167743393,0.528198127476697,0.675879575015577,SVN
tp,2,0.0984473842126413,0.141755180388368,0.385639907580833,0.401309155454773,SVN
tp,3,0.0981229524464264,0.14178599063697,0.386334481372219,0.400979540743904,SVN
tp,4,0.0981229524464265,0.141785987940911,0.386334481372221,0.400979514064868,SVN
tp,5,0.0981229524464264,0.141785992417705,0.386334481372219,0.400979558177219,SVN
tp,6,0.0981229524464264,0.141785987940911,0.386334481372219,0.400979514064868,SVN
tp,7,0.0981229524464262,0.141785989175897,0.386334481372214,0.40097952634992,SVN
ts,2,0.097453459033841,0.138449743178799,0.373360037955978,0.391673070939117,SVN
ts,3,0.0966558330547966,0.139821753616587,0.363543830349978,0.39036971429578,SVN
ts,4,0.0966558330547966,0.13982175373306,0.363543830349978,0.390369701956558,SVN
ts,5,0.101900213742032,0.139821753535496,0.433765046504153,0.390369701716533,SVN
ts,6,0.0971715953344678,0.139821753672435,0.362849574605073,0.39036970174999,SVN
ts,7,0.101900209706372,0.13982175373306,0.433765016809971,0.390369701956559,SVN
cs,2,0.0708336831971294,0.0244328904667528,0.758997293729886,0.109825591862703,ESP
cs,3,0.126454801793794,0.0477860709411055,1.54130570955057,0.380088316956011,ESP
cs,4,0.0970101346723474,0.0369855415147605,1.26347250251911,0.319403317030057,ESP
cs,5,0.0953976557574648,0.0379102955182404,1.24282754327405,0.347989437283766,ESP
cs,6,0.0974663100180354,0.0409142176557434,1.26188196032394,0.370438739113543,ESP
cs,7,0.0985354101798819,0.0420169118489424,1.27311390148474,0.377692983963384,ESP
tp,2,0.0695725116022657,0.0240590724925059,0.737502240898936,0.101964352477732,ESP
tp,3,0.130050330231378,0.0503446503221654,1.61075955879479,0.424590011234501,ESP
tp,4,0.0601668273840628,0.038189410558447,0.732973543833741,0.285510543812294,ESP
tp,5,0.096522067383502,0.0376004800789511,1.25438465200842,0.35050661741037,ESP
tp,6,0.0609778754100142,0.0417538330427279,0.697962610629134,0.293186821400695,ESP
tp,7,0.0963715812286897,0.0467344649184078,1.19729147314213,0.381381779056211,ESP
ts,2,0.0696002575095955,0.0240670393842632,0.737155163105777,0.101507222505539,ESP
ts,3,0.129763157963535,0.0501806438877188,1.60740673313048,0.422809930618573,ESP
ts,4,0.060716218211757,0.0394433461487738,0.742921934619686,0.303414299536715,ESP
ts,5,0.0963935992838767,0.0374049310672789,1.25230077906929,0.347631101984679,ESP
ts,6,0.0610885006953774,0.0419153364441112,0.699071471879808,0.294291703356831,ESP
ts,7,0.096314706729511,0.0466807312091235,1.19659326779234,0.380696991489143,ESP
cs,2,0.0456270916240284,0.0568281039742263,0.137156840361565,0.085049188546189,SWE
cs,3,0.0542197623491837,0.0577423873035468,0.156919029467943,0.100505057548236,SWE
cs,4,0.0557680016836593,0.0567333160374421,0.208898536216171,0.118962252801592,SWE
cs,5,0.0555390273744198,0.0561697296000546,0.206589642836382,0.120502628633107,SWE
cs,6,0.0559105177961015,0.0559337843003596,0.207773021225096,0.123534433642474,SWE
cs,7,0.0560093589908456,0.0559402070326663,0.207921779768375,0.12391538110356,SWE
tp,2,0.0457883379704905,0.0572819389510522,0.137764850624673,0.0848819713370531,SWE
tp,3,0.0535828637763869,0.0576895346455729,0.167799917004184,0.106617849984738,SWE
tp,4,0.0643619386585448,0.0606173965133908,0.207769099201275,0.089703239548506,SWE
tp,5,0.0554173506523578,0.0561351871777855,0.206368913771492,0.121517520433012,SWE
tp,6,0.0558876441576369,0.0586037127606968,0.142587266231387,0.0797457220883378,SWE
tp,7,0.057659392594364,0.059746185513331,0.164754177477449,0.0939030739764141,SWE
ts,2,0.0457435464732392,0.0572537080950967,0.136991786135814,0.084877799145122,SWE
ts,3,0.0534636169254842,0.0576471029342157,0.166574273573626,0.104771783486537,SWE
ts,4,0.0640103325766936,0.0604690996484718,0.205081607395679,0.089273296574549,SWE
ts,5,0.0551743394075004,0.0559911088374183,0.202314846910001,0.11861343090613,SWE
ts,6,0.055600273461725,0.0595455632158907,0.140550744532065,0.0833173402524529,SWE
ts,7,0.0572617474297369,0.059643529022634,0.162160393505581,0.0935382079651158,SWE
cs,2,0.0508634336266094,0.0623014485849516,0.280552190679629,0.23196600449506,CHE
cs,3,0.0675348305859242,0.0614369800928647,0.561617718395885,0.2404980973902,CHE
cs,4,0.0702053987233607,0.0587871780110499,0.583309608265601,0.232555193112711,CHE
cs,5,0.0719648371464453,0.0585741804261481,0.587532135702666,0.231229434541054,CHE
cs,6,0.0738087266315266,0.058413119717525,0.593855744950766,0.231534516801633,CHE
cs,7,0.0736438287502321,0.0583660658941663,0.592163283616329,0.231137262940164,CHE
tp,2,0.0507808283809574,0.0621014808064742,0.272929072645642,0.224191207478662,CHE
tp,3,0.0688990251534371,0.0632593685156564,0.583504072274664,0.264192547944531,CHE
tp,4,0.049341815488807,0.0595000458414373,0.315782922804395,0.214491734888214,CHE
tp,5,0.0724204656288652,0.0585657358631226,0.596058298694482,0.231028680385778,CHE
tp,6,0.0532964991397119,0.0609329674120904,0.343823803504265,0.223788402764364,CHE
tp,7,0.0544752457713504,0.0590114745754871,0.405902186080323,0.219375823028836,CHE
ts,2,0.0506706103134603,0.0621547701992527,0.271626928120694,0.224987225144296,CHE
ts,3,0.0679936480784885,0.0631592601028365,0.57341636493146,0.262518670782967,CHE
ts,4,0.0491994129433982,0.0594445878643251,0.315315840498914,0.214362951449168,CHE
ts,5,0.0714836151250403,0.0584921193528212,0.586023109772349,0.229654608680524,CHE
ts,6,0.0536739584376634,0.060765635074604,0.349354155320295,0.223266763013568,CHE
ts,7,0.0540479363517586,0.0589997490960991,0.402174149320707,0.219557699564998,CHE
cs,2,0.0223436847973119,0.017229382833391,0.197369139796018,0.113393991319765,TWN
cs,3,0.0245009908246021,0.0475007337525853,0.225253497530384,0.513158865850057,TWN
cs,4,0.0295159010255349,0.0825618468345952,0.315135166745331,0.946518768307381,TWN
cs,5,0.10102095479273,0.063452419317351,1.23208459623341,0.702060697244918,TWN
cs,6,0.101020954792729,0.0634524193173512,1.2320845962334,0.702060697244921,TWN
cs,7,0.101020954792729,0.0634524193173513,1.23208459623341,0.702060697244922,TWN
tp,2,0.0230263780512092,0.0167893130945091,0.206419774391745,0.110873064165728,TWN
tp,3,0.0554289791476778,0.0588446260817654,0.553731105261242,0.654272975934824,TWN
tp,4,0.0247782745983947,0.0286435729872328,0.198512353327145,0.277728607979372,TWN
tp,5,0.0243416689570655,0.0284562672984715,0.112369231559959,0.28303223931846,TWN
tp,6,0.0243416689570655,0.0284562672984715,0.112369231559959,0.28303223931846,TWN
tp,7,0.0243416662593912,0.0284562672982795,0.112369233490959,0.283032239315857,TWN
ts,2,0.0231390520948234,0.0166398527626946,0.207588064426506,0.110101544210904,TWN
ts,3,0.0553564420156862,0.0586962652791269,0.5528772907689,0.652507807270927,TWN
ts,4,0.0247766322440182,0.0275539149935718,0.198432600584303,0.264801302968169,TWN
ts,5,0.0996820796737171,0.0615705870836352,1.21829079279096,0.672073064655387,TWN
ts,6,0.0996818509352693,0.0615705678710901,1.21828754366667,0.672072873797065,TWN
ts,7,0.0996820283638122,0.0615706579644006,1.21829020097204,0.672074186429382,TWN
cs,2,0.0215872804059614,0.0124277217634,0.0617653596176383,0.0490911069565662,GBR_NP
cs,3,0.0111148364163703,0.00808996802773575,0.127760532090387,0.0355030465747092,GBR_NP
cs,4,0.0128510909954952,0.0088073559952922,0.157189795840547,0.0501052915048655,GBR_NP
cs,5,0.0146285585282519,0.0108639789926934,0.183042241408084,0.0757343622508203,GBR_NP
cs,6,0.0154005983063034,0.0124319336293967,0.19335363697376,0.091056198483177,GBR_NP
cs,7,0.0160645028778948,0.0127415936419175,0.199995542811494,0.0945684733596448,GBR_NP
tp,2,0.0222627524879239,0.0129045076752492,0.0645555692659816,0.0523503419587958,GBR_NP
tp,3,0.0118032176197301,0.00807539105025453,0.128080291377914,0.0417247481491039,GBR_NP
tp,4,0.00802110658453026,0.00895533865624011,0.0806180588298611,0.0402636995939696,GBR_NP
tp,5,0.0149058708764219,0.011577978524489,0.191171515770974,0.0837684836566663,GBR_NP
tp,6,0.02446264032382,0.0154300033824798,0.277923072613718,0.0749592164757206,GBR_NP
tp,7,0.0312781750883365,0.0148532259789222,0.338176485603877,0.0942842650639166,GBR_NP
ts,2,0.0222488530152579,0.0128628615544373,0.0644929396433158,0.0521259415430569,GBR_NP
ts,3,0.0117301104550891,0.00806339591048421,0.127256058531639,0.0414056725010089,GBR_NP
ts,4,0.00802939498766908,0.00881200530043947,0.0819509985632193,0.0428100042171313,GBR_NP
ts,5,0.0147542765087429,0.0114454922840062,0.188607800065509,0.0820339585329803,GBR_NP
ts,6,0.0242592724832039,0.0153501318872942,0.275776118168153,0.0741989319463551,GBR_NP
ts,7,0.031095673779284,0.0148282993063408,0.336307509567809,0.094076589654881,GBR_NP
cs,2,0.0224438148587214,0.0131900772884418,0.0644608630676195,0.0487100146475009,GBRTENW
cs,3,0.0133644056398989,0.00935479728130183,0.133878378599731,0.036928806571098,GBRTENW
cs,4,0.0161898759021491,0.00967850464333854,0.176212354874052,0.0520025312154235,GBRTENW
cs,5,0.0191612085056494,0.0101269967133689,0.213082562386891,0.0614413654803866,GBRTENW
cs,6,0.0197327895485058,0.0105819708210556,0.22078665533782,0.0671818340689829,GBRTENW
cs,7,0.0206553941484844,0.0105493616174069,0.229918355633236,0.0677931741752281,GBRTENW
tp,2,0.0231717668817212,0.0136018209552748,0.0670749448536245,0.0513771083558056,GBRTENW
tp,3,0.014436991228045,0.0092746948939801,0.136577965422038,0.0440204048291141,GBRTENW
tp,4,0.0091535705444193,0.0101072901154538,0.0796257045340446,0.0408885414524969,GBRTENW
tp,5,0.0193055103868876,0.0104876729473312,0.220054330652531,0.0667818480002591,GBRTENW
tp,6,0.0199389786978494,0.0168612008330624,0.21506340142366,0.0783795019451038,GBRTENW
tp,7,0.0253335718283674,0.0187679769555696,0.254800608045952,0.112342779315976,GBRTENW
ts,2,0.0231758452220729,0.0135538745727122,0.0670693272833314,0.0511374211729115,GBRTENW
ts,3,0.0143425436958224,0.00926165986082698,0.135636502250394,0.0436711667540054,GBRTENW
ts,4,0.00915146241656227,0.00990573907846372,0.0807451861604065,0.043579823329164,GBRTENW
ts,5,0.0191343780676246,0.0104161068072589,0.217232844387366,0.0655121253309139,GBRTENW
ts,6,0.0198064223150886,0.0166729633643068,0.213549460383082,0.0764757367136889,GBRTENW
ts,7,0.0198064223150886,0.0166729633643068,0.213549460383082,0.0764757367136889,GBRTENW
cs,2,0.0670686767648142,0.0760333818569331,0.125123440392316,0.189880806782923,GBR_SCO
cs,3,0.043230383509216,0.079577472192859,0.182690795800916,0.2399694767367,GBR_SCO
cs,4,0.0509736023161638,0.0765505966220428,0.319844302339348,0.21003568847845,GBR_SCO
cs,5,0.0553992022380833,0.0826565001747622,0.372406843480007,0.241760178546564,GBR_SCO
cs,6,0.0599117439644973,0.0868837533737367,0.416134523577135,0.26364670977888,GBR_SCO
cs,7,0.149715861625879,0.0887968785114916,1.35831019754872,0.274743539434,GBR_SCO
tp,2,0.0678522863236656,0.0768387208459365,0.13027360643163,0.195909234865123,GBR_SCO
tp,3,0.0444332808645288,0.0781979539621885,0.228910751156893,0.229673372700339,GBR_SCO
tp,4,0.0568099030679068,0.0683002882334873,0.218561941996394,0.150436172275131,GBR_SCO
tp,5,0.0564979229147932,0.0841147548783753,0.383347081417517,0.301481132770173,GBR_SCO
tp,6,0.14135335663161,0.0831708789739368,1.23438635288383,0.274589090375682,GBR_SCO
tp,7,0.0467300904765295,0.0753338131667168,0.124891414859199,0.183326602067646,GBR_SCO
ts,2,0.067775308076078,0.0767511187638397,0.129880043822005,0.195207568174878,GBR_SCO
ts,3,0.0442337746181843,0.0780007430480524,0.222051987613781,0.228149444324133,GBR_SCO
ts,4,0.0559929300796766,0.0683585125350598,0.209356735711191,0.151201528151894,GBR_SCO
ts,5,0.0559755129151012,0.0839877953246609,0.376752610570047,0.299710271038166,GBR_SCO
ts,6,0.117798539746967,0.0853502885210986,0.959636332844982,0.295470472785134,GBR_SCO
ts,7,0.0468457964426451,0.0751355907036837,0.125188678051209,0.182171989439178,GBR_SCO
cs,2,0.10146799574529,0.128962966402084,0.184724089099467,0.208742916206853,GBR_NIR
cs,3,0.0878128040238027,0.122352980605431,0.194748511208132,0.181496725039261,GBR_NIR
cs,4,0.0923488649422251,0.123961794833519,0.184531501329513,0.1952424478569,GBR_NIR
cs,5,0.0914653338820446,0.125530504954753,0.182569314398044,0.204798758493427,GBR_NIR
cs,6,0.0916558468081369,0.125968033964029,0.18487628804677,0.207824310084695,GBR_NIR
cs,7,0.0917913023033106,0.126160090368179,0.186829798020307,0.209335311208366,GBR_NIR
tp,2,0.099400962057043,0.128442465780817,0.175489400917417,0.209185357288482,GBR_NIR
tp,3,0.0875731399339158,0.123323059875494,0.183687463615472,0.185430407914473,GBR_NIR
tp,4,0.0838580691811,0.127912299735938,0.222952958501382,0.232566795482113,GBR_NIR
tp,5,0.0918627241468012,0.125220434024587,0.184346910620794,0.209720867060952,GBR_NIR
tp,6,0.0856739599700475,0.136991460428341,0.249063378305817,0.359064063096374,GBR_NIR
tp,7,0.0844954208938424,0.126496797212496,0.14455875845878,0.186819329094874,GBR_NIR
ts,2,0.0990326076621515,0.128550705834458,0.17262886150187,0.208310386867386,GBR_NIR
ts,3,0.0874622217072916,0.123465398400863,0.182264584828461,0.18538047391001,GBR_NIR
ts,4,0.083614351252815,0.127082757432623,0.217922346973338,0.221739321010323,GBR_NIR
ts,5,0.0914286693809022,0.125292109168012,0.181315808387599,0.206864395284521,GBR_NIR
ts,6,0.0855772845590562,0.135285248702692,0.250071645019478,0.33733471902287,GBR_NIR
ts,7,0.0843737581365371,0.126482550519555,0.143515609573553,0.186879023454506,GBR_NIR
cs,2,0.00982359242174388,0.0102364101239434,0.0339856677659548,0.0729855919439166,USA
cs,3,0.0319040155014092,0.0130375303592818,0.230130032350327,0.0965241662838671,USA
cs,4,0.0146493317324571,0.00960988455729283,0.0889099040144546,0.0830610559893375,USA
cs,5,0.0275044848758828,0.00993290171308512,0.219118702547343,0.0834259764036035,USA
cs,6,0.0310415567246566,0.0102405594990855,0.268772562193476,0.0865683143513838,USA
cs,7,0.0329382472400393,0.0106231118436708,0.292872378939784,0.0899498628412689,USA
tp,2,0.0100632476038227,0.0101544019618501,0.0346623215677002,0.0729185745465126,USA
tp,3,0.03191758172693,0.0139142086177861,0.222805421351452,0.102205808815621,USA
tp,4,0.015904902108454,0.00713799529698952,0.0836709458170119,0.0458040635540259,USA
tp,5,0.0293714667925313,0.00938295784428767,0.245209918846513,0.0788996377390523,USA
tp,6,0.0147547701132394,0.0134404854144229,0.0849594435168423,0.181152890389883,USA
tp,7,0.0223704258009778,0.00931368499761167,0.149444761995602,0.0703738360322313,USA
ts,2,0.0100638069010436,0.0101328982075314,0.0346172891243204,0.0727498128349197,USA
ts,3,0.0318661249312499,0.0138881681249706,0.222374610554936,0.101978692665443,USA
ts,4,0.0158940296059889,0.00711928427206293,0.0835719314971908,0.0457366112603467,USA
ts,5,0.0292634110491409,0.00936471613454259,0.244011590429841,0.0786478152195386,USA
ts,6,0.0147889572271406,0.0133249092379137,0.0854049754707376,0.179686066698877,USA
ts,7,0.0225500112452383,0.00937283954695434,0.150794626832196,0.0707816938959211,USA
cs,2,0.0617661249657105,0.0391466693874887,0.117084491768999,0.0607290584700677,UKR
cs,3,0.0570678668936559,0.035848008064884,0.212408461572339,0.0635919955429111,UKR
cs,4,0.0482875418136546,0.0383865048924597,0.152799963714206,0.0860239554687749,UKR
cs,5,0.0497606011401634,0.0391984931955364,0.15475224417309,0.101354806224524,UKR
cs,6,0.0511549033398226,0.039686070950561,0.151371295144328,0.105118968008226,UKR
cs,7,0.0511549033398227,0.0396860709505609,0.151371295144328,0.105118968008225,UKR
tp,2,0.0612645954067789,0.0395557836133609,0.114963532619038,0.0626478110535336,UKR
tp,3,0.0544066267690023,0.0354818558639371,0.209380712636605,0.06148060118132,UKR
tp,4,0.0449333333387946,0.0393520219260355,0.144131563814434,0.0795735949816535,UKR
tp,5,0.0496757188425038,0.038819958667898,0.152416699231911,0.0981835537030298,UKR
tp,6,0.0905845365402388,0.0821672563440451,0.461699195514134,0.407545928350499,UKR
tp,7,0.0905845365401255,0.0821672563438925,0.46169919551324,0.407545928349358,UKR
ts,2,0.0612828938216367,0.0396626818254737,0.115007961001489,0.0631980362795533,UKR
ts,3,0.054256590826906,0.0355291556999935,0.207911691256954,0.0617013241100458,UKR
ts,4,0.0448613235069634,0.0391938279939429,0.143252660974793,0.0784629146390514,UKR
ts,5,0.0495650611294385,0.0388915729008937,0.150274047584302,0.0984445823099726,UKR
ts,6,0.0619142045595524,0.0417768152648624,0.253258434242239,0.101625812714975,UKR
ts,7,0.0619142045594727,0.0417768152648575,0.25325843424181,0.101625812714943,UKR
